Series Name,Series Code,Country Name,Country Code,2004 [YR2004],2005 [YR2005],2006 [YR2006],2007 [YR2007],2008 [YR2008],2009 [YR2009],2010 [YR2010],2011 [YR2011],2012 [YR2012],2013 [YR2013],2014 [YR2014]
CO2 emissions (metric tons per capita),EN.ATM.CO2E.PC,Afghanistan,AFG,0.0384100431744103,0.0517439645638815,0.0624275315344817,0.0838928056625891,0.151720912092499,0.238398541311049,0.289987629819143,0.406424217113203,0.345148782903553,0.310341014879365,0.293946407148718
CO2 emissions (metric tons per capita),EN.ATM.CO2E.PC,Albania,ALB,1.37621273504355,1.41249821101668,1.30257636722163,1.32233485532238,1.48431113888781,1.49560019934969,1.57857358391855,1.80371472482914,1.692908325435,1.74921107861166,1.97876331208568
CO2 emissions (metric tons per capita),EN.ATM.CO2E.PC,Algeria,DZA,2.70738828140555,3.23616827096358,3.00436514940905,3.20206733567142,3.17322455166924,3.43578736793731,3.31256060218823,3.30557126991506,3.47710809205046,3.52555735779834,3.7355201474105
CO2 emissions (metric tons per capita),EN.ATM.CO2E.PC,American Samoa,ASM,..,..,..,..,..,..,..,..,..,..,..
CO2 emissions (metric tons per capita),EN.ATM.CO2E.PC,Andorra,AND,7.35862494097896,7.29987193629782,6.74605212796168,6.51938706400271,6.42780997352794,6.12157986337213,6.12259470212791,5.8674101758869,5.91688403071809,5.90177532374279,5.83290621488897
CO2 emissions (metric tons per capita),EN.ATM.CO2E.PC,Angola,AGO,1.0018781174791,0.985736354999963,1.10501902714063,1.20313399963445,1.18500049364771,1.23442507446718,1.24409153765549,1.25268084136928,1.33021856719297,1.25377616969393,1.29030677595566
CO2 emissions (metric tons per capita),EN.ATM.CO2E.PC,Antigua and Barbuda,ATG,5.24926558454491,5.26654391456454,5.36500048365254,5.5860804988932,5.62522102649976,5.8759251147027,5.95697959740083,5.75196351943352,5.80009733544227,5.72993793435028,5.74441995635358
CO2 emissions (metric tons per capita),EN.ATM.CO2E.PC,Argentina,ARG,4.09408291682224,4.16812854757591,4.46518602068451,4.41424641662401,4.7182244282458,4.44538780283611,4.60716374803428,4.64437307038597,4.60917985556416,4.49853999490794,4.78150777487432
CO2 emissions (metric tons per capita),EN.ATM.CO2E.PC,Armenia,ARM,1.2147078034605,1.46002557971119,1.48127459388089,1.72682804238397,1.91193341078505,1.50966901331398,1.46561781992195,1.70950183866857,1.97447948827919,1.89704008580942,1.89871937365811
CO2 emissions (metric tons per capita),EN.ATM.CO2E.PC,Aruba,ABW,26.5172934158421,27.200707780588,26.9477259654482,27.8950228211258,26.2295526746779,25.9153220639692,24.6705288731078,24.5075162181761,13.1577223088924,8.35356100776471,8.41006417792511
CO2 emissions (metric tons per capita),EN.ATM.CO2E.PC,Australia,AUS,17.0265153472381,17.1697114460549,17.6513983061083,17.8652600395629,18.1608756564953,18.2001819589981,17.7408450531619,17.5388777559057,17.0729046803908,16.0958331735351,15.3887660194467
CO2 emissions (metric tons per capita),EN.ATM.CO2E.PC,Austria,AUT,8.85836370342216,9.02016959759373,8.72729787156076,8.4064189359829,8.29509597793474,7.51875110192905,8.07113180231399,7.74813430456944,7.38707716295308,7.36874814486104,6.86986792967669
CO2 emissions (metric tons per capita),EN.ATM.CO2E.PC,Azerbaijan,AZE,3.86322963943899,4.09180192686952,4.6162998626916,3.55534009998485,4.05138348129721,3.56566821757272,3.38822587905988,3.64617987716669,3.82487717012357,3.78506883600917,3.93156060898919
CO2 emissions (metric tons per capita),EN.ATM.CO2E.PC,"Bahamas, The",BHS,5.40458584984352,5.3617877294457,5.02916023478022,5.01049826757837,4.35326945626904,4.69907666960332,4.65940069081709,5.1908297805477,5.41602215719064,7.63026189646157,6.52006971856257
CO2 emissions (metric tons per capita),EN.ATM.CO2E.PC,Bahrain,BHR,21.1002610129133,21.6020284222033,19.6470068383524,25.9152568878455,26.7069899635847,23.8107640353868,23.5855189143014,22.4154039702664,20.5191750715224,23.8112718426742,23.455406320753
CO2 emissions (metric tons per capita),EN.ATM.CO2E.PC,Bangladesh,BGD,0.275239623731495,0.283948492149541,0.308980963803685,0.311100406745038,0.343107444707401,0.368245967133331,0.406145623292441,0.424812929970862,0.44703518540601,0.456320609091594,0.473657610012808
CO2 emissions (metric tons per capita),EN.ATM.CO2E.PC,Barbados,BRB,4.70223841559989,4.89688878594978,4.94260064798163,4.8945963401507,5.78973802090403,5.75284236439183,5.23799582463466,5.4035662415588,5.18317589002467,5.0949186763092,4.46747652067059
CO2 emissions (metric tons per capita),EN.ATM.CO2E.PC,Belarus,BLR,5.97715799947914,6.12247158630845,6.46244665756856,6.33031403877835,6.62316355451861,6.43968426694044,6.64269666046859,6.76251734899356,6.67999158961994,6.73665225121031,6.70195770525782
CO2 emissions (metric tons per capita),EN.ATM.CO2E.PC,Belgium,BEL,10.6612902219787,10.3553929874524,10.1510389973111,9.74477719114976,9.75198480892529,9.24961568538969,10.1714652153634,9.05433001058862,8.56287874995543,8.68954309131301,8.32815989783976
CO2 emissions (metric tons per capita),EN.ATM.CO2E.PC,Belize,BLZ,1.41903552932326,1.48592318534179,1.52304439310882,1.59421453055765,1.42223040645584,1.86464540528515,1.67165637094373,1.82108001223364,1.41038461538462,1.48498040293305,1.40094123373499
CO2 emissions (metric tons per capita),EN.ATM.CO2E.PC,Benin,BEN,0.323642155539533,0.299985405071894,0.471266951502495,0.531738861022381,0.507237101498335,0.52106306880001,0.553283259010318,0.559691697240094,0.562341919951059,0.580952958782511,0.614206089682334
CO2 emissions (metric tons per capita),EN.ATM.CO2E.PC,Bermuda,BMU,9.14736429243803,9.0883343205412,10.1161756272957,11.2460393293059,9.94375928791384,7.262934974709,9.34712241262822,6.87235920946658,7.35686286613784,7.05181458746789,8.83831498794885
CO2 emissions (metric tons per capita),EN.ATM.CO2E.PC,Bhutan,BTN,0.482186548531265,0.610470466551263,0.596840632177789,0.590138612312672,0.627898804817655,0.573033790686738,0.711464428310306,1.05784237081313,1.16556558525506,1.2959275623101,1.39222953427828
CO2 emissions (metric tons per capita),EN.ATM.CO2E.PC,Bolivia,BOL,1.22556281872864,1.31986970535855,1.602553194388,1.29018148256216,1.3617170847077,1.41526706560317,1.51298659811974,1.58091390600604,1.81094254628878,1.79447716529936,1.90636431997446
CO2 emissions (metric tons per capita),EN.ATM.CO2E.PC,Bosnia and Herzegovina,BIH,4.14708142035187,4.30359854153592,4.66479472165684,4.6914541512592,5.36824113123427,5.54181627211158,5.74176083370755,6.52436389956776,6.17444185419471,6.18791143805194,6.38493881859933
CO2 emissions (metric tons per capita),EN.ATM.CO2E.PC,Botswana,BWA,2.20785125347842,2.27674342079665,2.25304100205457,2.2563639087818,2.35260557965253,1.92595129352577,2.35841890589576,2.07239697092689,2.07482823425352,2.53529732329521,3.3674513337553
CO2 emissions (metric tons per capita),EN.ATM.CO2E.PC,Brazil,BRA,1.83594643060426,1.8659770576239,1.84765454216193,1.91033417515363,2.01859347637953,1.8936200243495,2.14473639509072,2.22471194448911,2.35854836426703,2.50540878760348,2.61293352087838
CO2 emissions (metric tons per capita),EN.ATM.CO2E.PC,British Virgin Islands,VGB,5.58243037521268,5.71307396027178,5.95316987886609,6.0025951211722,6.18262635551979,6.10285143681349,6.2009426494927,6.21547371022988,6.14366492146597,6.10170901653551,6.19831660284936
CO2 emissions (metric tons per capita),EN.ATM.CO2E.PC,Brunei Darussalam,BRN,13.9055707183258,13.7092935357176,13.1324004829,22.4441347859133,24.0361735381015,20.4790964454841,21.1068144275253,24.6274918209343,24.2267631438461,19.295180022798,22.229177902672
CO2 emissions (metric tons per capita),EN.ATM.CO2E.PC,Bulgaria,BGR,6.06489180832618,6.25628204411767,6.44533327228891,6.92543528202448,6.77208754122923,5.73119372396296,5.9649002061902,6.71538056004032,6.11945652602394,5.4506959628306,5.87161586934993
CO2 emissions (metric tons per capita),EN.ATM.CO2E.PC,Burkina Faso,BFA,0.0847059710132382,0.0838753443059232,0.0983758540639009,0.115526282202363,0.130556630570007,0.127633346009649,0.125717252121518,0.137496159504925,0.158662722163439,0.179131863449264,0.162018437716738
CO2 emissions (metric tons per capita),EN.ATM.CO2E.PC,Burundi,BDI,0.0277659175738496,0.0209120007951269,0.0245821124998669,0.0237868111959303,0.0234656173402697,0.0227067800251213,0.0245154169128552,0.0270161901570436,0.0305385427711998,0.0303652226887466,0.0446999922899522
CO2 emissions (metric tons per capita),EN.ATM.CO2E.PC,Cabo Verde,CPV,0.722772038710779,0.950344684600632,1.00825500351685,1.06522544520692,0.97615432928072,1.07748561142949,1.13139038757424,1.23493753708485,1.00160519362277,0.974526524773912,0.948113817341959
CO2 emissions (metric tons per capita),EN.ATM.CO2E.PC,Cambodia,KHM,0.187188214352324,0.209134707022807,0.222560525679847,0.253313203647788,0.280759695052534,0.330179775166097,0.350245580487489,0.35809012639272,0.369169715625785,0.372890469876481,0.437653585193574
CO2 emissions (metric tons per capita),EN.ATM.CO2E.PC,Cameroon,CMR,0.229249619423057,0.20843909885352,0.21188652738191,0.311484738991116,0.287986297586007,0.339833528373714,0.333326909602025,0.2759056705539,0.285198098082658,0.306783420688528,0.308791722441786
CO2 emissions (metric tons per capita),EN.ATM.CO2E.PC,Canada,CAN,17.2882760857597,17.2875968563585,16.6963514118343,16.8553205210553,16.8745151985805,15.9614063738936,15.7233450166533,15.6413318280428,14.9062163628498,14.7410812954918,15.1589272191963
CO2 emissions (metric tons per capita),EN.ATM.CO2E.PC,Cayman Islands,CYM,9.64556803473759,9.60278922474168,9.53969255025621,10.9420811017598,10.8301694033732,10.0752684284733,9.83526256352343,10.1371851135146,9.08073543878693,8.93315757858907,8.9192085195898
CO2 emissions (metric tons per capita),EN.ATM.CO2E.PC,Central African Republic,CAF,0.0592665172511759,0.0581143636238474,0.0605516808970418,0.0602721289372822,0.0592092977760388,0.058332151811187,0.0601864516199626,0.0630719525210948,0.0661254639162477,0.0667785236408208,0.0673571264567361
CO2 emissions (metric tons per capita),EN.ATM.CO2E.PC,Chad,TCD,0.0387991823533116,0.0395877516791984,0.0389243734701817,0.0427103877750687,0.0455768756860499,0.0425062068847394,0.0432597989179507,0.0436088892239933,0.0478999589354504,0.0529784067439895,0.0534072418467253
CO2 emissions (metric tons per capita),EN.ATM.CO2E.PC,Channel Islands,CHI,..,..,..,..,..,..,..,..,..,..,..
CO2 emissions (metric tons per capita),EN.ATM.CO2E.PC,Chile,CHL,3.73249299046498,3.82001803034236,3.96308105705927,4.33379715121328,4.30034046637298,3.95621640079056,4.23447610601378,4.59822558011175,4.65362524092192,4.73643108698645,4.64906220009855
CO2 emissions (metric tons per capita),EN.ATM.CO2E.PC,China,CHN,4.03799065100399,4.52317806354125,4.98031419657976,5.33490992916681,5.7019150246668,6.01010243303337,6.56052000702696,7.24151541889549,7.42475091638009,7.55721104480691,7.54390764144927
CO2 emissions (metric tons per capita),EN.ATM.CO2E.PC,Colombia,COL,1.30884744030171,1.42904557882258,1.45692317453501,1.42739416202786,1.53855822989393,1.62372105740923,1.68443261901656,1.67597670057391,1.73517947668643,1.92753580549154,1.79035682717161
CO2 emissions (metric tons per capita),EN.ATM.CO2E.PC,Comoros,COM,0.239461311258012,0.227828398680895,0.257569541445504,0.160026183722453,0.161805093810529,0.19608111078764,0.23394210749146,0.192025124227075,0.197566969805394,0.237376686603597,0.202812783945009
CO2 emissions (metric tons per capita),EN.ATM.CO2E.PC,"Congo, Dem. Rep.",COD,0.0225953327072288,0.0273757101347768,0.0284529666520597,0.0300493127182422,0.0307752395892847,0.0280095907394138,0.0312948635315358,0.0373538204608714,0.0347994639930513,0.0503090389389498,0.0633308890302249
CO2 emissions (metric tons per capita),EN.ATM.CO2E.PC,"Congo, Rep.",COG,0.270548827107953,0.271271608090483,0.298636286324066,0.313142346764896,0.326342657060251,0.421068121197735,0.463337538090254,0.513982293797004,0.658567539606909,0.667915559554128,0.653359718672722
CO2 emissions (metric tons per capita),EN.ATM.CO2E.PC,Costa Rica,CRI,1.64032562119023,1.60268061944668,1.63374888272965,1.84406151892963,1.82153513513514,1.74802908373408,1.65349857494837,1.67081660042572,1.65672056313993,1.6022464275901,1.61808784926208
CO2 emissions (metric tons per capita),EN.ATM.CO2E.PC,Cote d'Ivoire,CIV,0.426478537540482,0.426346238315,0.373056109662128,0.353478286247257,0.345647504543224,0.282074855924831,0.339322893203363,0.344751435600613,0.431418011482519,0.483786557150751,0.487688034135766
CO2 emissions (metric tons per capita),EN.ATM.CO2E.PC,Croatia,HRV,5.19816800631882,5.2416767881359,5.24384626036757,5.52829845921911,5.24221193794007,4.91638423564538,4.69619597772236,4.62762981641453,4.21645564043887,4.12395313661313,3.97380490559031
CO2 emissions (metric tons per capita),EN.ATM.CO2E.PC,Cuba,CUB,2.22261882170045,2.30929935065961,2.43375849639401,2.38151972754362,2.70922066097706,2.66302894285405,3.41846867118624,3.20272269275506,3.21189443001355,3.08434756867138,3.08099424581552
CO2 emissions (metric tons per capita),EN.ATM.CO2E.PC,Curacao,CUW,..,..,..,..,..,..,..,..,39.445663037189,33.8994032063034,37.7262890532298
CO2 emissions (metric tons per capita),EN.ATM.CO2E.PC,Cyprus,CYP,7.25845401065708,7.3007292280925,7.44969474140297,7.70484613800903,7.93029439801472,7.38687694828169,6.92787242992166,6.60157996787079,6.0963423508827,5.19979962687937,5.26046160455096
CO2 emissions (metric tons per capita),EN.ATM.CO2E.PC,Czech Republic,CZE,11.451844499726,11.7624500353337,11.9258292756892,11.9725152221204,11.2337728269439,10.3083217859627,10.6525786177933,10.1854822482433,9.61198587926592,9.384891602576,9.16597837581982
CO2 emissions (metric tons per capita),EN.ATM.CO2E.PC,Denmark,DNK,9.36270101912787,8.69007693057132,10.1129141598949,9.20201511030611,8.54335109757298,8.05889560110771,8.40721667045503,7.29638320804399,6.51480084670286,6.86256503195408,5.9357124821143
CO2 emissions (metric tons per capita),EN.ATM.CO2E.PC,Djibouti,DJI,0.527521277133448,0.529037834470044,0.516892933599979,0.573643834323876,0.610898649857048,0.558141051891528,0.615387087329415,0.554126048116728,0.595582950136845,0.689150712164593,0.803830216224396
CO2 emissions (metric tons per capita),EN.ATM.CO2E.PC,Dominica,DMA,1.61514307635475,1.66235532448398,1.60746910263299,2.17549261953528,1.86386547503071,1.86323411102172,1.96599791190496,1.80981724857578,1.91191432396252,1.85890503548496,1.90868678342829
CO2 emissions (metric tons per capita),EN.ATM.CO2E.PC,Dominican Republic,DOM,2.04016326805315,2.04889902527762,2.14601788150719,2.26722059574503,2.18979189739984,2.11211522254396,2.16840109576765,2.16323333547331,2.22769200126756,2.13380483954179,2.11899466984248
CO2 emissions (metric tons per capita),EN.ATM.CO2E.PC,Ecuador,ECU,2.13632525050035,2.18892564050506,2.05267101318237,2.23048332546081,2.33000964037673,2.44128718655969,2.42893190426802,2.53280893063795,2.4647935628187,2.61003519725705,2.75326636341217
CO2 emissions (metric tons per capita),EN.ATM.CO2E.PC,"Egypt, Arab Rep.",EGY,2.0346164249717,2.2139825780744,2.32311769766975,2.41706996432642,2.49367356471682,2.54803689780555,2.44940070070245,2.56909184690507,2.51171532929487,2.41403693290307,2.23273200470305
CO2 emissions (metric tons per capita),EN.ATM.CO2E.PC,El Salvador,SLV,1.05679391254387,1.06638943061798,1.12614569301998,1.14289520964458,1.06748971421601,1.04632145906758,1.04426221422652,1.07047712866198,1.06813421711041,0.994280785244978,0.998428943780015
CO2 emissions (metric tons per capita),EN.ATM.CO2E.PC,Equatorial Guinea,GNQ,7.2782596809536,6.28669108180405,6.06261727274581,5.83730301197415,5.23102550996701,5.12469512499459,4.95856148378776,6.20918921055112,4.9607347232472,4.79661245265526,4.76396715246517
CO2 emissions (metric tons per capita),EN.ATM.CO2E.PC,Eritrea,ERI,0.283134477019108,0.271133872179134,0.192258939999075,0.193351923687885,0.135292490904502,0.164549091002333,0.161927306505259,0.184834839880372,..,..,..
CO2 emissions (metric tons per capita),EN.ATM.CO2E.PC,Estonia,EST,12.6839903122821,12.3670151870237,12.0099620584938,13.9548840886714,13.0818344314893,10.9143201837372,13.5996890666366,14.0167329722872,13.3240003749917,15.0937179674916,14.848819173174
CO2 emissions (metric tons per capita),EN.ATM.CO2E.PC,Eswatini,SWZ,1.00403493762947,0.989177928135543,0.980375294857986,1.01992802967817,1.04427660496502,0.988300344124214,0.974572634121466,0.978293558401242,1.11781378093706,1.00207942482741,1.09840450548437
CO2 emissions (metric tons per capita),EN.ATM.CO2E.PC,Ethiopia,ETH,0.071325206168872,0.0670514650013672,0.0701264196761017,0.0745451329832873,0.0793402884248181,0.077785188625565,0.0751475890610818,0.0857152790904745,0.0923403936056533,0.111487261964663,0.118240576234369
CO2 emissions (metric tons per capita),EN.ATM.CO2E.PC,Faroe Islands,FRO,15.7157142857143,15.1376513976782,14.19473970539,14.4149712493466,13.1895441237976,12.0423150937082,13.1911992303509,11.8851807707588,12.340091549443,14.1651006431137,12.462906588824
CO2 emissions (metric tons per capita),EN.ATM.CO2E.PC,Fiji,FJI,1.65446775731788,1.33450299657743,1.47057388237284,1.38577596000909,1.05842119520536,0.927879180494754,1.42019706496026,1.26133564344854,1.22506181587827,1.33020720695742,1.35007092133099
CO2 emissions (metric tons per capita),EN.ATM.CO2E.PC,Finland,FIN,12.8326749770283,10.4164380522202,12.5706384483281,12.0984818632864,10.6371591894379,9.95519427234709,11.5752816522205,10.5444747406961,9.07543335566445,8.68178012315563,8.66072124349448
CO2 emissions (metric tons per capita),EN.ATM.CO2E.PC,France,FRA,6.12007856802886,6.09959885469542,5.90626638550961,5.76638534996401,5.69050185705677,5.43835706284818,5.42898086189895,5.07791110203759,5.07506234140888,5.06217196411801,4.57345972943356
CO2 emissions (metric tons per capita),EN.ATM.CO2E.PC,French Polynesia,PYF,2.97953061033157,3.17415565345081,3.16108578215394,3.11258331081261,3.19399684163886,3.19345608360289,3.22034865174232,3.10950772885864,3.02631989828921,3.03856056346364,2.9556798733921
CO2 emissions (metric tons per capita),EN.ATM.CO2E.PC,Gabon,GAB,3.46169545610672,3.51523822605316,2.91790383120116,2.79648982225014,2.7480645883546,2.70888976422117,2.96224709692514,2.95164946709525,2.91736669863438,2.9060394447988,2.75638178150547
CO2 emissions (metric tons per capita),EN.ATM.CO2E.PC,"Gambia, The",GMB,0.196027201647548,0.190031877108919,0.193552400491377,0.214673555109986,0.217074087557754,0.219141873228373,0.241304352675335,0.242066242566203,0.238690485251791,0.220351161652606,0.253640981758284
CO2 emissions (metric tons per capita),EN.ATM.CO2E.PC,Georgia,GEO,1.10084510126447,1.29861223753475,1.58479615353988,1.66338191338282,1.34256761620071,1.63622140095254,1.6675686845653,2.12223697909803,2.26380242400253,2.1137931090135,2.41646049619644
CO2 emissions (metric tons per capita),EN.ATM.CO2E.PC,Germany,DEU,9.89868236878404,9.66637223430522,9.91147601151208,9.48803988827902,9.50632117752826,8.81859556166104,9.27963401169499,9.1248592104965,9.19929975724339,9.39062341958994,8.88937039483839
CO2 emissions (metric tons per capita),EN.ATM.CO2E.PC,Ghana,GHA,0.345456770283151,0.320563087856312,0.418167076313097,0.42795606643562,0.387804781269594,0.318896741293471,0.401777969225435,0.387243552096664,0.456885977004013,0.549478567097377,0.531371737898168
CO2 emissions (metric tons per capita),EN.ATM.CO2E.PC,Gibraltar,GIB,11.6932397959184,12.0323609982239,12.5097405512164,12.3630098159143,12.6753478947525,13.7655891553702,13.8665773410749,13.4190467690111,13.7324496225406,14.5844117297875,15.6574647887324
CO2 emissions (metric tons per capita),EN.ATM.CO2E.PC,Greece,GRC,8.86796719458015,8.98083944811261,8.82779621939824,8.89229344181771,8.66282428137396,8.27789234499236,7.54018386811447,7.18976291454789,7.24700735925025,6.33661458954141,6.18033726778447
CO2 emissions (metric tons per capita),EN.ATM.CO2E.PC,Greenland,GRL,10.2449965735974,10.6915254237288,11.0447916299715,11.2820793917426,11.7181508308479,10.2217388988513,11.6637729549249,12.4403410089647,10.005016722408,9.80325053555937,8.98918198774314
CO2 emissions (metric tons per capita),EN.ATM.CO2E.PC,Grenada,GRD,1.96797224644695,2.06717879630426,2.20160483356046,2.26594733339671,2.39932294037324,2.39177041091229,2.45081095328194,2.36921794823776,2.52552910299127,2.81372839049644,2.22238342730161
CO2 emissions (metric tons per capita),EN.ATM.CO2E.PC,Guam,GUM,..,..,..,..,..,..,..,..,..,..,..
CO2 emissions (metric tons per capita),EN.ATM.CO2E.PC,Guatemala,GTM,0.908087138121072,0.959869358862092,0.94405189034189,0.921545960180367,0.81605667055155,0.827851793446376,0.797292859116729,0.791841059113562,0.784030453458232,0.874202518738834,1.1510008356966
CO2 emissions (metric tons per capita),EN.ATM.CO2E.PC,Guinea,GIN,0.217742097212523,0.200466519810296,0.203297045101089,0.206886476611766,0.224791637402257,0.227060669263962,0.2554479043533,0.266742837247952,0.242354578644125,0.211075838098709,0.219671872697791
CO2 emissions (metric tons per capita),EN.ATM.CO2E.PC,Guinea-Bissau,GNB,0.153548708328638,0.158139085305555,0.157052833916844,0.163665577315038,0.157127889554203,0.158153971808472,0.156544828940516,0.157191765265143,0.157648791666433,0.155734208924943,0.160335468516147
CO2 emissions (metric tons per capita),EN.ATM.CO2E.PC,Guyana,GUY,2.18327372786921,1.92647451026116,1.72947826937481,2.09269445419398,2.08682314409019,2.09411703342704,2.29482304025961,2.36980803906238,2.64078718663911,2.54999901222861,2.63239277948073
CO2 emissions (metric tons per capita),EN.ATM.CO2E.PC,Haiti,HTI,0.219685761489595,0.225715823147682,0.226028956257421,0.251795830538977,0.248608107743884,0.231665885218338,0.213769340262583,0.219649971486052,0.225723617271799,0.231288109913657,0.271140186830838
CO2 emissions (metric tons per capita),EN.ATM.CO2E.PC,Honduras,HND,1.01154064841555,1.01274100966821,0.917915046019948,1.12425917440416,1.08664376631619,0.965926430308774,0.958912385617261,1.05590866571761,1.03974902007258,1.03026679143006,1.05764802292736
CO2 emissions (metric tons per capita),EN.ATM.CO2E.PC,"Hong Kong SAR, China",HKG,6.14851595783887,6.43926319497446,6.13332502078138,6.3215362260168,6.32072364827963,6.04470198485544,5.79112653398252,6.193079501103,6.07328764632662,6.26907896752984,6.39360052562418
CO2 emissions (metric tons per capita),EN.ATM.CO2E.PC,Hungary,HUN,5.6849107552221,5.75184892731434,5.69818703910193,5.57245952079302,5.46350118168737,4.84011144757125,5.02231164868321,4.79790000267757,4.4941289440849,4.25965983098088,4.2655749757664
CO2 emissions (metric tons per capita),EN.ATM.CO2E.PC,Iceland,ISL,7.68368290227819,7.51358455721286,7.56861499364676,7.414833454228,6.67748114449898,6.44749277077793,6.16852858593703,5.89682897929244,5.61399181830654,5.8669462942143,6.05965740746397
CO2 emissions (metric tons per capita),EN.ATM.CO2E.PC,India,IND,1.02186286577959,1.06531244043517,1.11860389870515,1.18965180664139,1.3062539032121,1.42778047280521,1.39327329120641,1.47308087826488,1.59466840041331,1.58860010420502,1.72767050665838
CO2 emissions (metric tons per capita),EN.ATM.CO2E.PC,Indonesia,IDN,1.51212278390845,1.51130211229007,1.50498133899166,1.61612059890716,1.76906026260816,1.87079258127473,1.77295139151422,2.46277150275409,2.56418886541464,1.94683915145255,1.81937838004494
CO2 emissions (metric tons per capita),EN.ATM.CO2E.PC,"Iran, Islamic Rep.",IRN,6.48336955480204,6.7200665568204,7.21905887001812,7.27992526964642,7.50940600830243,7.60067589866536,7.76859435887758,7.89249315026058,8.09848283810738,8.10358603206511,8.38410110077933
CO2 emissions (metric tons per capita),EN.ATM.CO2E.PC,Iraq,IRQ,4.3355149104437,4.21669223903886,3.59844793035764,2.22690329002845,3.28154609711508,3.6083797136122,3.77229582862954,4.37374245328768,4.7890612518133,4.99158936033212,4.89491703042353
CO2 emissions (metric tons per capita),EN.ATM.CO2E.PC,Ireland,IRL,10.7516366268314,10.4661517040977,10.0993731033222,10.1475288830814,9.57764129274599,8.88901094176336,8.78361393417548,7.77982216046693,7.73815559101326,7.53811029677652,7.31393980771791
CO2 emissions (metric tons per capita),EN.ATM.CO2E.PC,Isle of Man,IMN,..,..,..,..,..,..,..,..,..,..,..
CO2 emissions (metric tons per capita),EN.ATM.CO2E.PC,Israel,ISR,8.66799309737113,8.21808877216779,8.85648836780697,8.78433448002117,9.3400930385289,8.61247288126536,9.03522325410567,8.90188827937881,9.54796776436382,8.32178547056269,7.86318134790706
CO2 emissions (metric tons per capita),EN.ATM.CO2E.PC,Italy,ITA,8.21648720132938,8.16609012769546,8.07214559567724,7.91734721623538,7.60176496973799,6.79565148637292,6.83837457020099,6.70255761383033,6.20541385845015,5.73294187855659,5.27086678640296
CO2 emissions (metric tons per capita),EN.ATM.CO2E.PC,Jamaica,JAM,3.91593073799594,3.83160930845696,4.17369146970655,3.4865435529673,3.66979980416093,2.76877264304035,2.59648954263715,2.78081331838132,2.62561520717546,2.83102232511249,2.5814458863859
CO2 emissions (metric tons per capita),EN.ATM.CO2E.PC,Japan,JPN,9.90920349715484,9.6988825182159,9.63204861795485,9.78296389871954,9.44953397156087,8.62081638773263,9.14831603810416,9.31742666604085,9.63862828980874,9.7808150653223,9.53870610327163
CO2 emissions (metric tons per capita),EN.ATM.CO2E.PC,Jordan,JOR,3.44801212993554,3.65260391960296,3.52529065983036,3.522624566766,3.25621072777183,3.1758543852981,2.91681859726981,2.82760440869404,3.02120982756865,2.86244304858211,2.96523830754741
CO2 emissions (metric tons per capita),EN.ATM.CO2E.PC,Kazakhstan,KAZ,11.5268924867373,11.7071662040127,12.5836242471625,14.3597124732114,14.8530578665306,13.2567629220034,15.2279873289044,15.646296858992,14.4694178907699,15.4293165175178,14.3631697418223
CO2 emissions (metric tons per capita),EN.ATM.CO2E.PC,Kenya,KEN,0.213936720166938,0.233787564442164,0.254310303268613,0.253997940160697,0.257386808663786,0.30195390950108,0.289656059778815,0.311682104259095,0.282239705967583,0.292909589476372,0.305923721896161
CO2 emissions (metric tons per capita),EN.ATM.CO2E.PC,Kiribati,KIR,0.486237416988033,0.675212564310858,0.738507361436461,0.531851191894496,0.55695061815899,0.399653225007431,0.605662265489133,0.595246734397678,0.586058099088089,0.577801464454537,0.569873207119416
CO2 emissions (metric tons per capita),EN.ATM.CO2E.PC,"Korea, Dem. People’s Rep.",PRK,3.04883765800067,3.16150748946826,3.19688596036128,2.65530949613679,2.92604074464065,2.89326884703304,2.70698675896486,1.94679542348972,1.97806110591142,1.444473789476,1.61737110336155
CO2 emissions (metric tons per capita),EN.ATM.CO2E.PC,"Korea, Rep.",KOR,10.0301838595436,9.60726984728573,9.71660567635209,10.1815670390122,10.3474228610228,10.3201094917268,11.4363166269633,11.8029687340986,11.6328245622552,11.7492008400819,11.5703454093401
CO2 emissions (metric tons per capita),EN.ATM.CO2E.PC,Kosovo,XKX,..,..,..,..,..,..,..,..,..,..,..
CO2 emissions (metric tons per capita),EN.ATM.CO2E.PC,Kuwait,KWT,28.8728348023987,31.5156814515738,31.0780255233242,30.0460335963904,31.1486847371376,30.9473744658451,29.9560902093798,28.7335492383351,30.5582147081404,27.8884660124354,25.8492292753449
CO2 emissions (metric tons per capita),EN.ATM.CO2E.PC,Kyrgyz Republic,KGZ,1.15080886242091,1.0832090419556,1.05546412693546,1.25843443929846,1.44026980277135,1.26154663496368,1.1718730152903,1.38844086606463,1.80694838778713,1.7207895657039,1.64639533887413
CO2 emissions (metric tons per capita),EN.ATM.CO2E.PC,Lao PDR,LAO,0.246098341848268,0.244182912945722,0.265330373854317,0.152972910780717,0.156465264891791,0.204563037935486,0.262298883130786,0.255921835878219,0.263451485213041,0.241054383040446,0.29436488328788
CO2 emissions (metric tons per capita),EN.ATM.CO2E.PC,Latvia,LVA,3.27144228194503,3.35284632519489,3.61186003875841,3.77978525899583,3.62940575624552,3.37649001783189,3.84959345523717,3.54111333202894,3.47174754795094,3.5182409036458,3.49819288166911
CO2 emissions (metric tons per capita),EN.ATM.CO2E.PC,Lebanon,LBN,3.67632684360979,3.44944829096509,3.03775868201564,2.8237016250558,3.61563535142834,4.33668216211589,4.04749487236277,3.92967649384133,4.08633681156762,3.81789230451114,3.84359823135183
CO2 emissions (metric tons per capita),EN.ATM.CO2E.PC,Lesotho,LSO,0.988986210953468,1.00855111481609,1.02458015044682,1.0445915843702,1.07031803169296,1.11476832429624,1.14112481527936,1.16390215127656,1.19382825721219,1.20032792396818,1.20771572600477
CO2 emissions (metric tons per capita),EN.ATM.CO2E.PC,Liberia,LBR,0.196468293186965,0.225618343154815,0.224698284368278,0.192781963487796,0.15652436624481,0.137727406034895,0.203546527225985,0.221803022469765,0.24826998550896,0.225285252995645,0.214493388584254
CO2 emissions (metric tons per capita),EN.ATM.CO2E.PC,Libya,LBY,8.81918613753674,8.98629741520991,9.04903469958239,8.3616718052041,9.24504947226721,9.45208481143739,9.99752632564888,6.35502147359902,8.38146426440759,8.9024132964599,8.958794329552
CO2 emissions (metric tons per capita),EN.ATM.CO2E.PC,Liechtenstein,LIE,..,..,..,1.77013942130221,1.75746384370331,1.43695244492961,1.52817136189365,1.31350398148403,1.30195275160453,1.38999296041588,1.18217231281734
CO2 emissions (metric tons per capita),EN.ATM.CO2E.PC,Lithuania,LTU,3.92209352768298,4.18404209084167,4.32987187105207,4.69369608584053,4.69291649039735,3.95810005703598,4.34861630293916,4.55330131121176,4.62950967158482,4.27365723711993,4.37809012309851
CO2 emissions (metric tons per capita),EN.ATM.CO2E.PC,Luxembourg,LUX,24.5990264028204,24.8246466791929,24.0128576476239,22.9572827103729,22.3854722193799,20.8771251730172,21.6351358015437,21.1029696323119,20.0842194874808,18.4983197143698,17.3621213728095
CO2 emissions (metric tons per capita),EN.ATM.CO2E.PC,"Macao SAR, China",MAC,3.63903078263857,3.78958824333448,3.28233552518332,3.04546977171955,2.59773619621186,3.93589475683891,2.61627330138847,2.62959486740059,2.32747380943516,2.0450835856259,2.17457235415311
CO2 emissions (metric tons per capita),EN.ATM.CO2E.PC,Madagascar,MDG,0.101546441871557,0.0949910681973509,0.0891487827848216,0.0934037717285537,0.0944419048299168,0.0861077799304657,0.0925780695964946,0.107595178009606,0.12110303288982,0.135748253808274,0.130420845169797
CO2 emissions (metric tons per capita),EN.ATM.CO2E.PC,Malawi,MWI,0.0757137266805172,0.069413617286047,0.0703795424882294,0.0665137838160741,0.0769306863618517,0.0669645824242443,0.0786887573065911,0.0789176020069894,0.0712154224423803,0.0773254119239973,0.0783395970665838
CO2 emissions (metric tons per capita),EN.ATM.CO2E.PC,Malaysia,MYS,6.50347962410818,6.79185329613219,6.40039541315247,6.91670062951973,7.49125550934304,7.17057116196696,7.74517590466688,7.69276399338172,7.5239444644568,8.02577373847224,8.13021031314655
CO2 emissions (metric tons per capita),EN.ATM.CO2E.PC,Maldives,MDV,2.14413441922478,1.88164251207729,2.31785994558563,2.3303795995453,2.45568521947754,2.50071307704062,2.55673522286689,2.59247296285102,2.79707328370721,2.62941387366967,3.06837235497627
CO2 emissions (metric tons per capita),EN.ATM.CO2E.PC,Mali,MLI,0.0708552057672889,0.0703231869460302,0.0713771127358468,0.0738693666847746,0.0758676556623456,0.0553265389832505,0.0640838845364316,0.0673620722583019,0.0621894966794641,0.0624175373121626,0.0833693550692031
CO2 emissions (metric tons per capita),EN.ATM.CO2E.PC,Malta,MLT,6.41524866174228,6.68322132361317,6.3513032064504,6.69884491694614,6.25231387052096,5.81418600309835,6.17494957877773,6.10479546830407,6.3819007304275,5.49231747999258,5.40061395717027
CO2 emissions (metric tons per capita),EN.ATM.CO2E.PC,Marshall Islands,MHL,1.61553711726265,1.52631293206414,1.64389334194057,1.76640916308362,1.76254138925482,1.82535111111111,1.82159457829188,1.81627779448444,1.81032142038542,1.80329481190066,1.7956942234037
CO2 emissions (metric tons per capita),EN.ATM.CO2E.PC,Mauritania,MRT,0.522743750355108,0.525036092261277,0.517307720734495,0.575953539044445,0.587389624171556,0.625681431268674,0.640167477773851,0.665402951330611,0.716273929909021,0.699300640682081,0.689388119146373
CO2 emissions (metric tons per capita),EN.ATM.CO2E.PC,Mauritius,MUS,2.53175545023231,2.68399940077541,2.94193011970865,2.97588957995531,3.02999145581499,2.97492201960993,3.13208253358925,3.12999878633412,3.15928885038563,3.23390958429369,3.35311047207863
CO2 emissions (metric tons per capita),EN.ATM.CO2E.PC,Mexico,MEX,4.22244720017614,4.39942297926641,4.45565776575271,4.40155540367489,4.45111790594276,4.23203344376671,4.06956041627212,4.18710449457257,4.23217530750914,4.12649965608452,3.99044614866763
CO2 emissions (metric tons per capita),EN.ATM.CO2E.PC,"Micronesia, Fed. Sts.",FSM,1.34127080890973,1.14022557453665,1.14842793558,1.33416950710429,1.13328761963629,1.56686574411265,1.1046146670424,1.16975350410826,1.29828909344918,1.35012178313162,1.39927963814381
CO2 emissions (metric tons per capita),EN.ATM.CO2E.PC,Moldova,MDA,1.57312012136171,1.69503353576092,1.7341282145207,1.62840007531072,1.66602544522874,1.58875603715473,1.72361957262081,1.76180147582044,1.72227778830813,1.74839437057228,1.72635677908259
CO2 emissions (metric tons per capita),EN.ATM.CO2E.PC,Monaco,MCO,..,..,..,..,..,..,..,..,..,..,..
CO2 emissions (metric tons per capita),EN.ATM.CO2E.PC,Mongolia,MNG,3.42552268454741,3.38915597698565,3.67150554779167,4.65122097909647,4.57417460707064,4.90022088446538,5.08141598061102,7.76058183010018,9.28466502094559,13.4474854534956,7.08802567796829
CO2 emissions (metric tons per capita),EN.ATM.CO2E.PC,Montenegro,MNE,..,3.34904381036725,3.87553351489777,3.65583600568297,4.45767939718203,2.95355607526517,4.16766436131399,4.14554758345308,3.76389822124038,3.61855387978564,3.5560717904183
CO2 emissions (metric tons per capita),EN.ATM.CO2E.PC,Morocco,MAR,1.43817463824099,1.50289446318195,1.53954874328686,1.61300742694868,1.67740936139675,1.64370825886753,1.73013471160984,1.75968034140843,1.88711754665753,1.75237993773404,1.7507945564544
CO2 emissions (metric tons per capita),EN.ATM.CO2E.PC,Mozambique,MOZ,0.0965070179872462,0.0889287435178962,0.0939359424595033,0.104392839563637,0.101730354134896,0.11051592267384,0.116251552063623,0.13326283131439,0.125514265415333,0.157234663727261,0.320578016654618
CO2 emissions (metric tons per capita),EN.ATM.CO2E.PC,Myanmar,MMR,0.256047135186281,0.236950745827511,0.260626660081276,0.259460989420407,0.196314065300128,0.20359911003237,0.24733732565351,0.280397343707268,0.215325359401302,0.248014679190382,0.413758590222221
CO2 emissions (metric tons per capita),EN.ATM.CO2E.PC,Namibia,NAM,1.02835808768992,1.19186202484626,1.18307304203231,1.17694070412666,1.62766896643525,1.47487463023367,1.46411820617932,1.31261774348878,1.54212943050432,1.17717807397325,1.65169281658111
CO2 emissions (metric tons per capita),EN.ATM.CO2E.PC,Nauru,NRU,6.6659260755403,6.32947507361153,4.47741147741148,4.47104247104247,4.44889293296937,4.05845658516953,4.39820089955022,4.01083822213384,3.92421441774492,4.06653728860549,4.02185100818358
CO2 emissions (metric tons per capita),EN.ATM.CO2E.PC,Nepal,NPL,0.105021435643658,0.119790518363146,0.0983336474634508,0.0991021689651971,0.128299598718636,0.161228573548828,0.187197027883985,0.20463050835649,0.21697773037891,0.246574529237155,0.298463302719902
CO2 emissions (metric tons per capita),EN.ATM.CO2E.PC,Netherlands,NLD,11.3522689995976,11.1201775651617,10.9897152843972,10.7858629533841,10.7640240154308,10.4275230563251,11.0170708560989,10.4335386040941,10.1647588338308,10.3100627858175,9.92013807523839
CO2 emissions (metric tons per capita),EN.ATM.CO2E.PC,New Caledonia,NCL,11.0611147540984,12.1575457481163,11.5415227995758,12.307632183908,11.8129515962925,12.091632445619,14.1834714714715,14.3450560251622,14.0167181467181,16.092239711739,16.005931729155
CO2 emissions (metric tons per capita),EN.ATM.CO2E.PC,New Zealand,NZL,8.45361247706422,8.2584895619149,7.99280863164938,7.96377456318955,8.02904103479037,7.52729605354902,7.3050058611258,7.18594822080292,7.74727683128786,7.53195740753247,7.68657582544293
CO2 emissions (metric tons per capita),EN.ATM.CO2E.PC,Nicaragua,NIC,0.824999557310573,0.794258543877294,0.810046786559379,0.823918905985719,0.780318493455237,0.782477009067577,0.778851025872822,0.826824454319207,0.772319251098951,0.750644376023307,0.791576322786616
CO2 emissions (metric tons per capita),EN.ATM.CO2E.PC,Niger,NER,0.0620203572840174,0.0524838879935634,0.0490005953773519,0.0491916494744201,0.0531382787175688,0.061104580766948,0.0712729724353553,0.0775619361555794,0.104888056554156,0.104832266956978,0.110542757005569
CO2 emissions (metric tons per capita),EN.ATM.CO2E.PC,Nigeria,NGA,0.770793842188875,0.763820709169832,0.693790023100316,0.649555753312712,0.639841493446749,0.497234247948775,0.57738468833534,0.587782870719058,0.589031156344052,0.571337668566547,0.545794084565745
CO2 emissions (metric tons per capita),EN.ATM.CO2E.PC,North Macedonia,MKD,5.4406528189911,5.47485308985751,5.30197113028693,4.59656409864115,4.54802344879561,4.20394395659048,4.15444616202606,4.53489985703167,4.32237867826781,3.7799261777197,3.61445103536235
CO2 emissions (metric tons per capita),EN.ATM.CO2E.PC,Northern Mariana Islands,MNP,..,..,..,..,..,..,..,..,..,..,..
CO2 emissions (metric tons per capita),EN.ATM.CO2E.PC,Norway,NOR,9.28746643553554,9.17921692577863,9.49583569082346,9.57484965980082,11.6795832483958,11.4618288550645,12.2934544997885,9.12476721592671,9.94098023481974,11.4501188375594,9.27094513154166
CO2 emissions (metric tons per capita),EN.ATM.CO2E.PC,Oman,OMN,11.444019403668,11.9037818202959,15.3457240082177,16.4446269284702,15.5239754224248,14.2909405024571,15.5906644694575,16.6188197992807,16.9122986115896,16.3031673619218,15.1887951113164
CO2 emissions (metric tons per capita),EN.ATM.CO2E.PC,Pakistan,PAK,0.840018833343162,0.852356024685297,0.890578011532519,0.94688380516543,0.926721425549231,0.904916985646237,0.899517870569405,0.883365326975709,0.873000717235915,0.859160807851102,0.851472804393805
CO2 emissions (metric tons per capita),EN.ATM.CO2E.PC,Palau,PLW,12.7358433583329,13.1619736110409,13.5119754350051,13.5899885165466,13.527748075278,13.4366420563303,14.0920634920635,14.2588334742181,14.3437074829932,14.5796887424742,14.7711902870759
CO2 emissions (metric tons per capita),EN.ATM.CO2E.PC,Panama,PAN,1.77553652768313,2.05360641663892,2.17317094312942,2.08424967606969,2.09724378904068,2.40251423845732,2.51567949703063,2.72466324545398,2.6822048552176,2.79463357108981,2.25585475666538
CO2 emissions (metric tons per capita),EN.ATM.CO2E.PC,Papua New Guinea,PNG,0.706363698598339,0.675257505770294,0.648231241805384,0.898907309289516,0.687542689782017,0.712893308341647,0.65158722917576,0.713063221005862,0.665547591259968,0.7942896718303,0.795074226118891
CO2 emissions (metric tons per capita),EN.ATM.CO2E.PC,Paraguay,PRY,0.713492721203501,0.657958763042367,0.674088976053442,0.689576784046884,0.732037710382787,0.740066307893676,0.81579924520088,0.840043757665012,0.822882056437798,0.834756314478833,0.864029477268519
CO2 emissions (metric tons per capita),EN.ATM.CO2E.PC,Peru,PER,1.1546235181433,1.33264608362585,1.24107777025282,1.51608227733461,1.43599677155043,1.79576006450256,1.98410323886096,1.69601919306645,1.86638430452003,1.91959048010601,2.05198435817931
CO2 emissions (metric tons per capita),EN.ATM.CO2E.PC,Philippines,PHL,0.874342959581111,0.866856477606753,0.770210951524756,0.807223733775072,0.86751518517779,0.839352461556811,0.903181400916366,0.894591011344799,0.938207478743659,0.992488921383575,1.05114222978493
CO2 emissions (metric tons per capita),EN.ATM.CO2E.PC,Poland,POL,7.97271580999136,7.92702668605069,8.36209746257249,8.24418374231648,8.25816005394148,7.80091434165951,8.31337682505654,8.32817587460663,7.87983006352283,7.94628250601022,7.51715158489872
CO2 emissions (metric tons per capita),EN.ATM.CO2E.PC,Portugal,PRT,6.02313784969106,6.21516547609187,5.68470507555011,5.70520785236486,5.26840220617631,5.12632397785555,4.55275264586545,4.51082721765256,4.37605313022238,4.3440293115954,4.33155402784831
CO2 emissions (metric tons per capita),EN.ATM.CO2E.PC,Puerto Rico,PRI,..,..,..,..,..,..,..,..,..,..,..
CO2 emissions (metric tons per capita),EN.ATM.CO2E.PC,Qatar,QAT,57.0055738888727,58.8810837793616,62.0661848752971,51.9336722382993,45.1347815948742,41.8272207619566,39.0597082302849,39.509205151014,42.8603753789717,36.3879175236907,43.8573079516167
CO2 emissions (metric tons per capita),EN.ATM.CO2E.PC,Romania,ROU,4.51730749400935,4.52430549513278,4.87646967786745,4.89513226607196,4.69206736334699,4.00521095214152,3.92221356080157,4.21292622102324,4.07431545512808,3.55016707872764,3.51615369125659
CO2 emissions (metric tons per capita),EN.ATM.CO2E.PC,Russian Federation,RUS,11.1206269755471,11.2535286682124,11.6691220679875,11.6724565724157,12.0145065077043,11.0238562302845,11.6943481245069,12.3348810039402,12.7849790249662,12.3935564747819,11.8575277737052
CO2 emissions (metric tons per capita),EN.ATM.CO2E.PC,Rwanda,RWA,0.0608313507341262,0.0597324838818965,0.0583908351529972,0.0601033647959505,0.0569808454670853,0.0588503051794124,0.0588073635930975,0.064481264616867,0.0698663030283957,0.0742792217540087,0.0757642235602309
CO2 emissions (metric tons per capita),EN.ATM.CO2E.PC,Samoa,WSM,0.841855647012711,0.897739349123949,0.912310090890997,0.946733243246212,0.980465233025761,1.0133347059971,1.00574351031735,1.07583120409241,1.04722668810289,1.0382818521684,1.03015799522425
CO2 emissions (metric tons per capita),EN.ATM.CO2E.PC,San Marino,SMR,..,..,..,..,..,..,..,..,..,..,..
CO2 emissions (metric tons per capita),EN.ATM.CO2E.PC,Sao Tome and Principe,STP,0.477048465886547,0.48902027027027,0.521650657776733,0.507161755862898,0.492876344086021,0.521247924674202,0.548918617737885,0.556437103032668,0.603368293666801,0.591799549162619,0.580793656470492
CO2 emissions (metric tons per capita),EN.ATM.CO2E.PC,Saudi Arabia,SAU,17.1114752279913,16.6963004105234,17.6640349068977,15.3974239095428,16.6164547472953,17.610212546211,18.9082484700578,17.6837298844953,19.3736599254191,18.0034004139021,19.4406664826471
CO2 emissions (metric tons per capita),EN.ATM.CO2E.PC,Senegal,SEN,0.484067421128959,0.524087845429209,0.415596434735151,0.443350349274584,0.424289034770629,0.371602657914612,0.610870294304815,0.642029816456571,0.590463461734902,0.611148042216099,0.624760004263926
CO2 emissions (metric tons per capita),EN.ATM.CO2E.PC,Serbia,SRB,..,..,7.28692885406585,7.1063975607387,7.08782251746954,6.3083479731128,6.30257798326694,6.80367714071925,6.12060018249562,6.26511069310281,5.28252191688301
CO2 emissions (metric tons per capita),EN.ATM.CO2E.PC,Seychelles,SYC,8.93685359199758,8.32021048058123,8.66903073286052,7.54677595756942,7.97027232163393,6.00679282457788,4.9427091455943,3.90012694273853,4.98329615075366,4.48443006592625,5.41867796276229
CO2 emissions (metric tons per capita),EN.ATM.CO2E.PC,Sierra Leone,SLE,0.118094601187231,0.0967799130795816,0.125814064516505,0.107139285495455,0.108211600913851,0.104057656517876,0.113171356096685,0.13688589781876,0.153506825466985,0.173627399846736,0.186560087693797
CO2 emissions (metric tons per capita),EN.ATM.CO2E.PC,Singapore,SGP,6.83382557364837,7.1169214316223,6.99763209822407,4.34260609828839,7.46676196781582,11.2144225257455,10.9604087826578,8.72379741990645,6.84675846508862,10.3119819334926,10.306331909983
CO2 emissions (metric tons per capita),EN.ATM.CO2E.PC,Sint Maarten (Dutch part),SXM,..,..,..,..,..,..,..,..,20.1134526558891,19.5335591553528,19.4613241342709
CO2 emissions (metric tons per capita),EN.ATM.CO2E.PC,Slovak Republic,SVK,7.21280145487577,7.32539080596046,7.27796296110182,6.84327381534925,7.01055856847993,6.31907323733116,6.72195956247584,6.39539628896351,6.05902290100616,6.11280355961594,5.66158132774424
CO2 emissions (metric tons per capita),EN.ATM.CO2E.PC,Slovenia,SVN,7.88482893442804,7.93167469309774,8.09460811573058,8.04946876353362,8.58644120958821,7.49160231390485,7.48585436860503,7.35063762791407,7.18548104448903,6.8695513926774,6.21368684468327
CO2 emissions (metric tons per capita),EN.ATM.CO2E.PC,Solomon Islands,SLB,0.351874104492748,0.343353521252644,0.34301090467658,0.365111392878333,0.371537269548633,0.377247996335269,0.375132847473104,0.365670029417142,0.356106491339126,0.353006554823352,0.343539796177346
CO2 emissions (metric tons per capita),EN.ATM.CO2E.PC,Somalia,SOM,0.0586416337692985,0.0568643429132745,0.0551894502970808,0.0549382087072876,0.0527663490327614,0.0510101306639567,0.0508464753435416,0.0488881897031924,0.0478724015002151,0.0465964252410457,0.045347230872012
CO2 emissions (metric tons per capita),EN.ATM.CO2E.PC,South Africa,ZAF,9.51937540295202,8.70740736942713,9.23695011734406,9.49878599770817,9.97945833936243,9.96715910932206,9.25668097000049,9.04893636225955,8.87252338716325,8.68659025060442,8.97906234758848
CO2 emissions (metric tons per capita),EN.ATM.CO2E.PC,South Sudan,SSD,..,..,..,..,..,..,..,..,0.131616320008005,0.139880247639892,0.141748231600483
CO2 emissions (metric tons per capita),EN.ATM.CO2E.PC,Spain,ESP,7.90805068135971,8.09705804769438,7.88419571010583,7.92089071606499,7.16553160668603,6.21697337783496,5.81641636625128,5.78801845772827,5.66093880333453,5.08439835268284,5.03382448723757
CO2 emissions (metric tons per capita),EN.ATM.CO2E.PC,Sri Lanka,LKA,0.634395261645689,0.619140825259141,0.608064532179473,0.622623505925095,0.610861327751263,0.654733309917933,0.654610164962658,0.742076615779362,0.784926511627907,0.75246091814428,0.885247473289056
CO2 emissions (metric tons per capita),EN.ATM.CO2E.PC,St. Kitts and Nevis,KNA,4.59127018392194,4.22600678660606,4.2604406514713,4.52829754280213,4.49004877036422,4.60270787464763,4.48873837114412,4.67209335247841,4.41036743039269,4.44431861079653,4.54998621341631
CO2 emissions (metric tons per capita),EN.ATM.CO2E.PC,St. Lucia,LCA,2.19816952588125,2.24395258755209,2.21730428525647,2.29681040807927,2.3294727988189,2.23570296305329,2.31708648074217,2.31871781433715,2.3042525729425,2.29299825928242,2.2829283887468
CO2 emissions (metric tons per capita),EN.ATM.CO2E.PC,St. Martin (French part),MAF,..,..,..,..,..,..,..,..,..,..,..
CO2 emissions (metric tons per capita),EN.ATM.CO2E.PC,St. Vincent and the Grenadines,VCT,2.02760984960189,2.02570571012945,2.0259108864396,2.09508100038703,2.09749707084406,2.87841569163427,2.03242344464459,1.82815096569297,2.33340711025038,1.92427869124119,1.92005401383416
CO2 emissions (metric tons per capita),EN.ATM.CO2E.PC,Sudan,SDN,0.294220660374736,0.273950845139068,0.291193188463428,0.332724015041885,0.341440489486692,0.346451108240755,0.345245385884236,0.330142236762997,0.300706838141128,0.309687394590696,0.299732598319775
CO2 emissions (metric tons per capita),EN.ATM.CO2E.PC,Suriname,SUR,3.16428691518173,3.19371366104464,3.45440188404793,3.45049405200898,3.75831281919389,3.82745153514264,4.53930123164207,3.67947733375189,4.1734741198533,3.50424362907484,3.59891229103896
CO2 emissions (metric tons per capita),EN.ATM.CO2E.PC,Sweden,SWE,6.06224140440501,5.71031351209116,5.45900321623082,5.25352193659618,5.32809827545271,4.63141135977089,5.54734805226545,5.47495712076762,4.94230082776452,4.67142078453361,4.47818217821374
CO2 emissions (metric tons per capita),EN.ATM.CO2E.PC,Switzerland,CHE,5.46256893956053,5.55835038183489,5.59217531848891,5.03057401971126,5.28304432392851,5.37797364121195,4.98342894466888,4.67203836308538,4.72357428746104,4.97283587573087,4.31156299409097
CO2 emissions (metric tons per capita),EN.ATM.CO2E.PC,Syrian Arab Republic,SYR,2.866491678037,2.75726358703822,2.81134784995303,3.3437565492422,3.27534332834657,2.9393586389959,2.88381586281287,2.69924891023398,2.18808738111373,1.86062444796269,1.64053906266363
CO2 emissions (metric tons per capita),EN.ATM.CO2E.PC,Tajikistan,TJK,0.384731813167919,0.359715205688463,0.384043566371936,0.457941980032486,0.402814451735315,0.333103228309218,0.338084867086803,0.30536459192648,0.372528440278431,0.431772052027794,0.628730158480124
CO2 emissions (metric tons per capita),EN.ATM.CO2E.PC,Tanzania,TZA,0.116740428050287,0.143150096020007,0.152433673927232,0.144944224406752,0.146753792187422,0.13740448551666,0.16025260152853,0.177194603118344,0.202862862853077,0.230538234330879,0.231426985468443
CO2 emissions (metric tons per capita),EN.ATM.CO2E.PC,Thailand,THA,3.74162608283408,3.78297022163734,3.82978066671067,3.81443633363703,3.79437667718848,4.00202844940823,4.19564218352584,4.12210656943764,4.37228240179467,4.40371476195856,4.62037714609842
CO2 emissions (metric tons per capita),EN.ATM.CO2E.PC,Timor-Leste,TLS,0.181106356358159,0.176876504192898,0.176778180930943,0.176911824869354,0.191092548920773,0.211634429481409,0.214616427820905,0.220714889534304,0.258924583890118,0.381550253837917,0.399696508054373
CO2 emissions (metric tons per capita),EN.ATM.CO2E.PC,Togo,TGO,0.255520627620129,0.238514052932832,0.211892491254373,0.237845036086494,0.276678743206946,0.445260993131318,0.411144811193459,0.373596921622882,0.367035258016651,0.382269108998046,0.3673166295811
CO2 emissions (metric tons per capita),EN.ATM.CO2E.PC,Tonga,TON,1.09770699874274,1.12657450076805,1.26192161721039,1.10816817929246,1.17055688292593,1.27069015304649,1.12845960033081,0.991444738417566,1.03509933130226,1.11702106752614,1.19779665043354
CO2 emissions (metric tons per capita),EN.ATM.CO2E.PC,Trinidad and Tobago,TTO,25.9138384479619,29.426462897859,32.7635680785775,34.7544287099784,33.7674345711453,33.9874792759647,36.0916555170474,35.1255094755339,33.7737119622967,34.3810031764793,33.966414453933
CO2 emissions (metric tons per capita),EN.ATM.CO2E.PC,Tunisia,TUN,2.22494618737838,2.24226511118141,2.25385821726708,2.33975410893992,2.38376779609605,2.35508651496044,2.60080361108781,2.42239086640327,2.48951627371323,2.5260329385204,2.60593240600076
CO2 emissions (metric tons per capita),EN.ATM.CO2E.PC,Turkey,TUR,3.36395108976998,3.49600075660347,3.80492900994098,4.0909837433464,4.03273847916667,3.89567404587787,4.12021059137704,4.36851337735326,4.41456543430208,4.27732996504451,4.47977349568748
CO2 emissions (metric tons per capita),EN.ATM.CO2E.PC,Turkmenistan,TKM,9.89530001800824,10.1665600341224,10.2932873246739,11.5074206270414,11.5141508908342,10.0521242806943,11.2614787310852,12.0731192085171,12.3147548358929,12.4359056159884,12.5170961201011
CO2 emissions (metric tons per capita),EN.ATM.CO2E.PC,Turks and Caicos Islands,TCA,3.84554307116105,4.29421575585522,4.86587730938042,5.43080467335856,5.7587013652971,5.62669881630864,5.83845682792407,5.71303592294095,5.81277520108026,5.70147706659756,5.80598829483446
CO2 emissions (metric tons per capita),EN.ATM.CO2E.PC,Tuvalu,TUV,1.11470260411389,1.1001,0.724703557312253,1.07631347226299,1.06660849331006,1.05535303146585,0.696486229819563,0.689739490266153,1.02439705745414,1.01326333241227,1.00264309150565
CO2 emissions (metric tons per capita),EN.ATM.CO2E.PC,Uganda,UGA,0.0648051434649115,0.0784141788652422,0.088814595676282,0.0979977913839284,0.104834308499522,0.107636295148695,0.120883274099335,0.127392876267974,0.117779745160532,0.136426458582188,0.141664527352892
CO2 emissions (metric tons per capita),EN.ATM.CO2E.PC,Ukraine,UKR,7.2367678855929,7.08790191730628,6.97680495428825,6.90739681375895,6.72364983937983,5.64781047177944,6.6413496850931,6.26596231137638,6.4876028056754,5.97664184780697,5.02074706440171
CO2 emissions (metric tons per capita),EN.ATM.CO2E.PC,United Arab Emirates,ARE,27.8330290495186,25.3144861030137,23.3718604332612,21.9859334934715,22.1954898852343,21.214059538948,18.8085197312558,18.4916168135184,19.2949203837054,18.5592361743048,22.9396063130991
CO2 emissions (metric tons per capita),EN.ATM.CO2E.PC,United Kingdom,GBR,8.98914012749737,8.98293853602857,8.89871022018899,8.61716368111307,8.42442398307829,7.57462213135116,7.85783648614987,7.07930971195949,7.35590809230393,7.14583912153692,6.49853294692396
CO2 emissions (metric tons per capita),EN.ATM.CO2E.PC,United States,USA,19.6583711815214,19.5918852294317,19.0940665201349,19.217897835532,18.4617638680802,17.1577377931966,17.4431109038447,16.9782179256298,16.3127177497672,16.3267834994756,16.507265616325
CO2 emissions (metric tons per capita),EN.ATM.CO2E.PC,Uruguay,URY,1.68916168594926,1.73867173941381,1.99923888878364,1.80172005754335,2.4745123152031,2.40622257197413,1.90157519107546,2.30430130124247,2.57310562318621,2.23843031250894,1.98424083514046
CO2 emissions (metric tons per capita),EN.ATM.CO2E.PC,Uzbekistan,UZB,4.8798625521229,4.48078335307831,4.5412060441894,4.47374545928242,4.53801793222673,3.85817199305661,3.64704888244685,3.87480091617416,3.88973319451208,3.41744243334039,3.42072274584901
CO2 emissions (metric tons per capita),EN.ATM.CO2E.PC,Vanuatu,VUT,0.287428904554517,0.280349002780937,0.222377198302001,0.451123605744696,0.424300412987753,0.525570365737664,0.512300443247774,0.544036133903146,0.455621064613485,0.414374500750093,0.583633965924938
CO2 emissions (metric tons per capita),EN.ATM.CO2E.PC,"Venezuela, RB",VEN,5.83665406322074,6.24594741455454,6.31334019411554,5.90095604715423,6.48124561619856,6.41394474954505,6.64806325189153,6.12089730645576,6.76939678975688,6.17528542833228,6.16473103431657
CO2 emissions (metric tons per capita),EN.ATM.CO2E.PC,Vietnam,VNM,1.09012949367564,1.17070825176359,1.21423611464006,1.22773396327782,1.36813995290284,1.47699353324794,1.62261892158516,1.71224064580119,1.5837081215802,1.62230762917809,1.81989397652576
CO2 emissions (metric tons per capita),EN.ATM.CO2E.PC,Virgin Islands (U.S.),VIR,..,..,..,..,..,..,..,..,..,..,..
CO2 emissions (metric tons per capita),EN.ATM.CO2E.PC,West Bank and Gaza,PSE,0.57668170496066,0.826080985521004,0.665291777024802,0.665297084329185,0.571696310973038,0.56658549960302,0.537532608888,0.578902679535801,0.552814348147914,0.598167688242572,..
CO2 emissions (metric tons per capita),EN.ATM.CO2E.PC,"Yemen, Rep.",YEM,0.96628906364748,0.996837633332072,1.03038649249895,0.985389790633297,1.02042823942431,1.09082715489024,1.01197481046631,0.826044242701109,0.762822752320929,1.01389988805473,0.878995611940061
CO2 emissions (metric tons per capita),EN.ATM.CO2E.PC,Zambia,ZMB,0.185720845646502,0.192995979250432,0.18826733184847,0.154270853345264,0.1689581609725,0.189799592724677,0.197823104892671,0.209457788964325,0.253506348132173,0.265078346543839,0.292412222455776
CO2 emissions (metric tons per capita),EN.ATM.CO2E.PC,Zimbabwe,ZWE,0.789234480252434,0.891798247186586,0.859470259161066,0.806649389576729,0.627678197323667,0.447289080645851,0.61252769492609,0.741686181725343,0.594151518578045,0.874563045359989,0.884721294332295
CO2 emissions (metric tons per capita),EN.ATM.CO2E.PC,Arab World,ARB,4.06856241498426,4.1856773062337,4.28571918166964,4.11714754949394,4.40894827346949,4.56201512382597,4.63681343868195,4.55946165497788,4.83777959400113,4.67492482250445,4.88698751329195
CO2 emissions (metric tons per capita),EN.ATM.CO2E.PC,Caribbean small states,CSS,7.79947955435853,8.41601760833207,9.17273596839657,9.31803395472791,9.20990865212827,8.93312913005534,9.29159743739107,9.152373544779,8.88821695923672,9.1323245919185,8.87121971551983
CO2 emissions (metric tons per capita),EN.ATM.CO2E.PC,Central Europe and the Baltics,CEB,6.93263216969055,6.98799200252059,7.25218306073392,7.27980180595807,7.15719209530747,6.51550866539489,6.82803356479057,6.86434946488299,6.50436699486502,6.3448382618131,6.14888253990517
CO2 emissions (metric tons per capita),EN.ATM.CO2E.PC,Early-demographic dividend,EAR,1.82626022553051,1.85978181032034,1.93120671524026,1.97671688686266,2.08023361523273,2.12913519478519,2.12064533604319,2.20252577427603,2.29763956763086,2.21307605608905,2.29821640857788
CO2 emissions (metric tons per capita),EN.ATM.CO2E.PC,East Asia & Pacific,EAS,4.12015502106544,4.39853048238802,4.67173173307167,4.9194893731645,5.15583163304468,5.30600500845338,5.70248124796186,6.19075271188979,6.30783541059883,6.33119087668809,6.29425627174206
CO2 emissions (metric tons per capita),EN.ATM.CO2E.PC,East Asia & Pacific (excluding high income),EAP,3.32240831031778,3.66195830910484,3.96618583872393,4.22174614605994,4.50334620424589,4.72705846119324,5.10673874338129,5.64237220116144,5.77394812651684,5.79115436227659,5.77612844555788
CO2 emissions (metric tons per capita),EN.ATM.CO2E.PC,East Asia & Pacific (IDA & IBRD countries),TEA,3.32603214720709,3.66847873066452,3.9761254219725,4.24181139322032,4.523496644263,4.75040489427225,5.13718996780157,5.689106484114,5.82184499785056,5.8458720116998,5.82837164447171
CO2 emissions (metric tons per capita),EN.ATM.CO2E.PC,Euro area,EMU,8.44427502469197,8.35167154761359,8.31724483924859,8.13103615680089,7.9052039396637,7.28491748396779,7.42563414691982,7.1614699261963,6.9970969706692,6.84446208909459,6.47499800731084
CO2 emissions (metric tons per capita),EN.ATM.CO2E.PC,Europe & Central Asia,ECS,7.90069503313792,7.87924525612734,8.01079407904493,7.94700270050902,7.90106973876253,7.22579095558612,7.54997324882597,7.50687407303851,7.47969434066899,7.29519549013533,6.92141360134234
CO2 emissions (metric tons per capita),EN.ATM.CO2E.PC,Europe & Central Asia (excluding high income),ECA,7.31040854010908,7.35113663960136,7.62275260802974,7.71847453583412,7.83815577585239,7.10074545479376,7.57154680088594,7.89984027608803,8.01462487603787,7.74729960237901,7.43380866211499
CO2 emissions (metric tons per capita),EN.ATM.CO2E.PC,Europe & Central Asia (IDA & IBRD countries),TEC,7.346899245022,7.37980378560824,7.66313649441011,7.74189246687029,7.84824836499961,7.13939808329447,7.60668610871693,7.90402999436127,7.96554422458335,7.72871440846657,7.40723025956147
CO2 emissions (metric tons per capita),EN.ATM.CO2E.PC,European Union,EUU,9.34506612423831,9.27436706749296,9.3175865116963,9.13044264991502,8.90091201107881,8.16833897837647,8.40204581628766,8.09555187736558,7.91614897574543,7.73267439280574,7.30841954370354
CO2 emissions (metric tons per capita),EN.ATM.CO2E.PC,Fragile and conflict affected situations,FCS,0.603053229537478,0.593555253155484,0.560687558687688,0.50507637905779,0.562180106492519,0.575786829678886,0.590911078642668,0.578939635406587,0.58973067298896,0.61611796979281,0.620913142736558
CO2 emissions (metric tons per capita),EN.ATM.CO2E.PC,Heavily indebted poor countries (HIPC),HPC,0.186096328820311,0.185395712597617,0.194271024714288,0.202196766967489,0.204823855169951,0.205149830420094,0.223297054727844,0.234882432498023,0.242895217003364,0.256993040412572,0.267777322424202
CO2 emissions (metric tons per capita),EN.ATM.CO2E.PC,High income,HIC,12.3195517698433,12.2489540788657,12.1762851978975,12.1480107268872,11.8978479601677,11.1905065263732,11.5053326572753,11.2557706585787,11.080105780118,10.9994633229616,10.9267569704692
CO2 emissions (metric tons per capita),EN.ATM.CO2E.PC,IBRD only,IBD,3.16559995758842,3.34476281405543,3.5334512358991,3.67008904241511,3.86368249029175,3.91938616868179,4.12883264550576,4.41742426448508,4.53164968928251,4.51031869972507,4.51846155794193
CO2 emissions (metric tons per capita),EN.ATM.CO2E.PC,IDA & IBRD total,IBT,2.57985269503131,2.71074651013241,2.85137494324351,2.95375674101071,3.09450477274755,3.12127080051178,3.27720715649227,3.49173751879351,3.56797892565095,3.54401512135473,3.53893794874306
CO2 emissions (metric tons per capita),EN.ATM.CO2E.PC,IDA blend,IDB,1.00941603764495,0.986368009643619,0.981139895290049,0.992956205331937,0.973189305917189,0.875621363138653,0.893239113335437,0.924484360210978,0.922226218194603,0.916018944070736,0.866786384343733
CO2 emissions (metric tons per capita),EN.ATM.CO2E.PC,IDA only,IDX,0.286687720588026,0.284529895945025,0.295620406610757,0.317027303021024,0.322610815719668,0.319431640162275,0.33637234853982,0.340079243618009,0.330128846737697,0.341076916433233,0.353659148531032
CO2 emissions (metric tons per capita),EN.ATM.CO2E.PC,IDA total,IDA,0.532144741801844,0.522744978112036,0.528199719564547,0.546315545991978,0.543349978680042,0.508157269569015,0.525527620378617,0.538892556258757,0.531786815126856,0.53705278127128,0.52865340368516
CO2 emissions (metric tons per capita),EN.ATM.CO2E.PC,Late-demographic dividend,LTE,4.35184185774159,4.68411666545393,5.02466788358224,5.26287173882482,5.55118471234178,5.63298861555729,6.08218758046457,6.56006069842893,6.71193184665516,6.77992373435829,6.75494397274433
CO2 emissions (metric tons per capita),EN.ATM.CO2E.PC,Latin America & Caribbean,LCN,2.63735249837685,2.74289514996549,2.79085370641947,2.80670418191123,2.9143248468958,2.81953925777709,2.93552718176235,2.96317561736923,3.06075117057878,3.0725815876603,3.10163910407089
CO2 emissions (metric tons per capita),EN.ATM.CO2E.PC,Latin America & Caribbean (excluding high income),LAC,2.52868887220781,2.62505425026313,2.66040039297919,2.66239583959514,2.77395613729944,2.68402756003982,2.79403755867857,2.80982849396703,2.91345930592052,2.92400533013629,2.96268220310426
CO2 emissions (metric tons per capita),EN.ATM.CO2E.PC,Latin America & the Caribbean (IDA & IBRD countries),TLA,2.61857195854298,2.72327634019513,2.7691413825728,2.78556141107212,2.88791096230665,2.79237709062217,2.89529897163751,2.92676111050326,3.02705250646639,3.04206465983138,3.07108458775194
CO2 emissions (metric tons per capita),EN.ATM.CO2E.PC,Least developed countries: UN classification,LDC,0.211920378562746,0.214015426422724,0.226601865019064,0.233398194229038,0.241364464026579,0.255092684788822,0.273284842971097,0.282797568318145,0.28270893757882,0.299216020835088,0.319277933525195
CO2 emissions (metric tons per capita),EN.ATM.CO2E.PC,Low & middle income,LMY,2.53092853496246,2.66295112831971,2.8007033960768,2.90094103654988,3.0447891071265,3.07613674813652,3.22978694403804,3.44100025040646,3.52143612772272,3.49478352463745,3.49449126315722
CO2 emissions (metric tons per capita),EN.ATM.CO2E.PC,Low income,LIC,0.38077297343849,0.382203045696779,0.389444126968448,0.386423174510624,0.402329478516619,0.392884366962159,0.383361368654197,0.342947302172,0.319280066864853,0.302395889606244,0.307958345273978
CO2 emissions (metric tons per capita),EN.ATM.CO2E.PC,Lower middle income,LMC,1.13368391788425,1.15323317947408,1.17727000477294,1.22561746893884,1.29482459319931,1.32667268649289,1.33141956587996,1.43557818017749,1.50174764084032,1.43202602805631,1.46556956330334
CO2 emissions (metric tons per capita),EN.ATM.CO2E.PC,Middle East & North Africa,MEA,5.13740213354258,5.28340681125337,5.48104532369565,5.32782643119398,5.64274965328573,5.77970463543821,5.88487739332196,5.83265420006711,6.1418891394127,5.96459900175003,6.20501036391517
CO2 emissions (metric tons per capita),EN.ATM.CO2E.PC,Middle East & North Africa (excluding high income),MNA,3.42170171685956,3.57156342473002,3.62649498687257,3.58090250251711,3.76255716671229,3.83730371701787,3.8509702227033,3.85640496815713,3.96270547395291,3.95142339253822,3.96503558201111
CO2 emissions (metric tons per capita),EN.ATM.CO2E.PC,Middle East & North Africa (IDA & IBRD countries),TMN,3.45278277624888,3.60180571800484,3.65938297495665,3.6135499294055,3.79864764676285,3.87463527524676,3.88910252111769,3.89440224015024,4.00250138105378,3.99079366648735,4.00480362152471
CO2 emissions (metric tons per capita),EN.ATM.CO2E.PC,Middle income,MIC,2.74852440001658,2.89739548967554,3.05252977593738,3.16778263254306,3.32970310802543,3.3698721253061,3.54587859691222,3.78959895766683,3.88643053486306,3.86334159029254,3.8672296710687
CO2 emissions (metric tons per capita),EN.ATM.CO2E.PC,North America,NAC,19.4232416179772,19.3631874091805,18.8563868630135,18.9838355220603,18.3037127868933,17.0376648585765,17.2712730438643,16.8436354832212,16.1709951329281,16.1666373119431,16.3708023227419
CO2 emissions (metric tons per capita),EN.ATM.CO2E.PC,Not classified,INX,..,..,..,..,..,..,..,..,..,..,..
CO2 emissions (metric tons per capita),EN.ATM.CO2E.PC,OECD members,OED,11.0743010855502,11.0141574421812,10.9185169962058,10.9303535129241,10.6566753323653,9.94029812934788,10.1838923142657,9.99067013534942,9.78128639298145,9.70932565967374,9.55139127348671
CO2 emissions (metric tons per capita),EN.ATM.CO2E.PC,Other small states,OSS,5.46479898725205,5.79573483793754,6.17200087072091,6.62310123779171,6.68433705183103,6.35925179173041,6.61876590774263,6.84884159752134,7.08519925144611,6.77480108239217,7.62789783009735
CO2 emissions (metric tons per capita),EN.ATM.CO2E.PC,Pacific island small states,PSS,1.18920720657456,1.056915968841,1.10488136099871,1.09389974180989,0.953525312706551,0.927520475101015,1.09619921978542,1.0305165764266,1.00536252351559,1.04127997853753,1.06612774478568
CO2 emissions (metric tons per capita),EN.ATM.CO2E.PC,Post-demographic dividend,PST,12.076838369079,12.0001911337633,11.8559959532831,11.8561715628023,11.5622135817285,10.77644732635,11.0909459628524,10.8351771322514,10.6012682343717,10.5449452140109,10.3607410941025
CO2 emissions (metric tons per capita),EN.ATM.CO2E.PC,Pre-demographic dividend,PRE,0.506545033216253,0.498481730282223,0.461213593801332,0.402609744508075,0.445815065307212,0.435299388865025,0.471250539548996,0.509289816156197,0.528890358895068,0.541348940378099,0.54231560397955
CO2 emissions (metric tons per capita),EN.ATM.CO2E.PC,Small states,SST,5.68897495442223,6.04665092356141,6.47677090201322,6.82816676482022,6.8363046847033,6.53515384313845,6.80426097505957,6.93930106781269,7.05944973114997,6.87537360878012,7.46265256907943
CO2 emissions (metric tons per capita),EN.ATM.CO2E.PC,South Asia,SAS,0.897414212477382,0.932401023737284,0.97866363514755,1.03909193591108,1.1294283245697,1.22354370654944,1.20163462823425,1.26496189595621,1.35654512325731,1.35008778341748,1.45657274518659
CO2 emissions (metric tons per capita),EN.ATM.CO2E.PC,South Asia (IDA & IBRD),TSA,0.897414212477382,0.932401023737284,0.97866363514755,1.03909193591108,1.1294283245697,1.22354370654944,1.20163462823425,1.26496189595621,1.35654512325731,1.35008778341749,1.45657274518659
CO2 emissions (metric tons per capita),EN.ATM.CO2E.PC,Sub-Saharan Africa,SSF,0.934773011512795,0.873774863703134,0.892791594000915,0.900338049141728,0.917401806785709,0.879784563526887,0.859137332987817,0.848531685655306,0.836362014684778,0.831468752771555,0.849177690461
CO2 emissions (metric tons per capita),EN.ATM.CO2E.PC,Sub-Saharan Africa (excluding high income),SSA,0.933877564507731,0.872959898451288,0.891945559898202,0.899631669156975,0.916655582630549,0.879256176396487,0.858717284878947,0.848235848024723,0.83596490905025,0.831122614464111,0.84874859980702
CO2 emissions (metric tons per capita),EN.ATM.CO2E.PC,Sub-Saharan Africa (IDA & IBRD countries),TSS,0.934773011512796,0.873774863703133,0.892791594000915,0.900338049141728,0.917401806785709,0.879784563526887,0.859137332987817,0.848531685655306,0.836362014684778,0.831468752771554,0.849177690461
CO2 emissions (metric tons per capita),EN.ATM.CO2E.PC,Upper middle income,UMC,4.39617497084748,4.69309452311845,5.00064186609484,5.20359080849282,5.48147220975586,5.5486676470728,5.92726154515199,6.3413851012758,6.49097274212427,6.53796746852235,6.52757182101923
CO2 emissions (metric tons per capita),EN.ATM.CO2E.PC,World,WLD,4.41465403151607,4.52863727345848,4.63650717208789,4.67163717489354,4.76257374433998,4.66263309974576,4.83548171628833,4.97587728318007,5.00559389572707,4.99813140790417,4.9812559111957
,,,,,,,,,,,,,,
,,,,,,,,,,,,,,
,,,,,,,,,,,,,,
Data from database: World Development Indicators,,,,,,,,,,,,,,
Last Updated: 05/28/2020,,,,,,,,,,,,,,
